request_id,delta_started_at_vs_object_id_ms,delta_finished_at_vs_response_end_ms,delta_job_duration_vs_object_to_response_end_ms,started_at,object_id,finished_at,response_end,job_duration
e18015cc-55d6-43af-a5c1-c2e4108522b0,511,,,2025-09-11T15:15:14.431856,2025-09-11 15:15:13.920520,2025-09-11T15:15:14.436595,,5
aff0acd5-eb3e-4b04-8609-8c8cae846a52,511,,,2025-09-11T15:15:18.021622,2025-09-11 15:15:17.509730,2025-09-11T15:15:18.027740,,6
07823b99-39ba-4b4f-9f3d-43daecc6918d,512,,,2025-09-11T15:15:10.555800,2025-09-11 15:15:10.043110,2025-09-11T15:15:10.562638,,7
42a3cb82-6e53-470e-b0ce-2a24e253a2d7,520,,,2025-09-11T15:14:12.283552,2025-09-11 15:14:11.762560,2025-09-11T15:14:12.289372,,6
6b8e48ad-6b1e-441a-b5b7-8da97a762d61,520,,,2025-09-11T15:14:12.313641,2025-09-11 15:14:11.793030,2025-09-11T15:14:12.318098,,5
5334f614-755f-48e4-a150-6352f0b3f648,520,,,2025-09-11T15:14:12.344631,2025-09-11 15:14:11.824310,2025-09-11T15:14:12.348583,,4
abe85351-adba-495a-a43e-2a1aec52d465,540,,,2025-09-11T15:14:15.103812,2025-09-11 15:14:14.562910,2025-09-11T15:14:15.110347,,7
2671407a-8f69-47d4-9c80-633b8d0b53b5,540,,,2025-09-11T15:14:16.276424,2025-09-11 15:14:15.736370,2025-09-11T15:14:16.289217,,13
92121a41-3ecb-4184-b327-465b9f21198c,540,,,2025-09-11T15:14:16.649270,2025-09-11 15:14:16.108680,2025-09-11T15:14:16.668258,,19
7ddc1a21-68be-41d7-bb3a-a14c9cee44f5,560,,,2025-09-11T15:14:13.283415,2025-09-11 15:14:12.722620,2025-09-11T15:14:13.294835,,11
d43e50ac-8b8e-4741-a695-457042131001,560,,,2025-09-11T15:14:16.618006,2025-09-11 15:14:16.057470,2025-09-11T15:14:16.643035,,25
98a247e8-a7f7-4556-9952-7dfac9febe65,560,,,2025-09-11T15:14:20.084830,2025-09-11 15:14:19.524500,2025-09-11T15:14:20.109725,,25
9120b466-bba9-408a-b249-c4d33515910e,580,,,2025-09-11T15:14:20.144487,2025-09-11 15:14:19.563870,2025-09-11T15:14:20.161250,,17
06d125b3-eea2-4889-a94a-09d820743a40,581,,,2025-09-11T15:14:16.511758,2025-09-11 15:14:15.930710,2025-09-11T15:14:16.528124,,17
3203f844-adaf-4643-aaac-4ccb5372d154,581,,,2025-09-11T15:14:19.959404,2025-09-11 15:14:19.377760,2025-09-11T15:14:19.977539,,18
5202cc76-4558-48d6-abc4-64f50ddedab3,600,,,2025-09-11T15:14:13.262670,2025-09-11 15:14:12.662580,2025-09-11T15:14:13.277560,,15
37546b93-d7e2-4150-a474-240af1c1d358,606,,,2025-09-11T15:14:12.971486,2025-09-11 15:14:12.364560,2025-09-11T15:14:12.983270,,12
2bde8709-c7e8-47ee-843c-868ab9fcc768,607,,,2025-09-11T15:14:13.005231,2025-09-11 15:14:12.397540,2025-09-11T15:14:13.022425,,17
c704db43-d7bd-4b71-8b92-b59b01211645,620,,,2025-09-11T15:14:13.220303,2025-09-11 15:14:12.599560,2025-09-11T15:14:13.241339,,21
9d440a8e-c0f5-4b49-921d-a0bf322d85fd,622,,,2025-09-11T15:14:13.258856,2025-09-11 15:14:12.636640,2025-09-11T15:14:13.269653,,11
e1bae673-49d3-4b11-8b43-02521756e0f8,623,,,2025-09-11T15:14:13.231775,2025-09-11 15:14:12.607860,2025-09-11T15:14:13.243321,,12
cc713f57-48e0-4738-a2e1-a32eef8f1e60,646,,,2025-09-11T15:14:13.042883,2025-09-11 15:14:12.396820,2025-09-11T15:14:13.057383,,15
53146dd5-4db9-4321-96ef-c871449bf4de,655,,,2025-09-11T15:14:13.005354,2025-09-11 15:14:12.349730,2025-09-11T15:14:13.018336,,13
22ea587b-c83c-4f58-97d9-894944dd8df7,655,,,2025-09-11T15:14:13.054052,2025-09-11 15:14:12.398420,2025-09-11T15:14:13.085721,,31
6a081a9e-a312-4e45-bb74-e36ec4bb26c4,660,,,2025-09-11T15:14:13.007300,2025-09-11 15:14:12.346750,2025-09-11T15:14:13.029921,,22
bafde167-0bcb-4208-ba6b-3994f6af35dd,662,,,2025-09-11T15:14:13.006719,2025-09-11 15:14:12.344260,2025-09-11T15:14:13.021271,,15
40879bf6-b365-41df-b36d-5d316f14b49f,663,,,2025-09-11T15:14:13.019411,2025-09-11 15:14:12.356230,2025-09-11T15:14:13.036463,,17
7947dc96-e6a7-4673-8bd9-543555149a28,681,,,2025-09-11T15:14:13.031094,2025-09-11 15:14:12.349210,2025-09-11T15:14:13.047478,,16
9f3a567d-160c-41c9-8318-24f176001a63,681,,,2025-09-11T15:14:13.044978,2025-09-11 15:14:12.362990,2025-09-11T15:14:13.076443,,32
7c535950-8cbe-4daa-9b6a-8e934a46f10a,682,,,2025-09-11T15:14:13.040524,2025-09-11 15:14:12.358210,2025-09-11T15:14:13.061600,,21
c4688f3c-0ead-4658-bfc4-836663bf5d69,700,,,2025-09-11T15:14:11.033229,2025-09-11 15:14:10.332390,2025-09-11T15:14:11.074236,,41
b814b18f-7d8b-494c-9307-64263aaa7075,704,,,2025-09-11T15:14:13.051893,2025-09-11 15:14:12.347730,2025-09-11T15:14:13.077918,,26
82e0fd95-fce2-40b9-9421-00469f6fa02f,710,,,2025-09-11T15:14:13.215328,2025-09-11 15:14:12.505210,2025-09-11T15:14:13.233182,,18
bf3c0e4d-1c96-445e-b86d-6654e8a67f87,721,,,2025-09-11T15:14:12.076457,2025-09-11 15:14:11.355200,2025-09-11T15:14:12.093138,,17
336fab48-73f7-4866-b8f7-500be871e772,722,,,2025-09-11T15:14:12.055691,2025-09-11 15:14:11.333100,2025-09-11T15:14:12.062620,,7
33e78944-3cf9-4f9c-8bd9-ebd60a3fcb30,722,,,2025-09-11T15:14:13.077116,2025-09-11 15:14:12.354230,2025-09-11T15:14:13.095702,,18
270878cb-c9f1-4259-8730-a424519d3134,740,,,2025-09-11T15:14:12.087047,2025-09-11 15:14:11.346820,2025-09-11T15:14:12.109028,,22
5825030e-e289-4da5-b36b-edfccde8dbec,746,,,2025-09-11T15:14:11.078422,2025-09-11 15:14:10.331570,2025-09-11T15:14:11.091809,,13
4b0dde9e-8574-42e5-998f-da69f4cce263,747,,,2025-09-11T15:14:13.091217,2025-09-11 15:14:12.343760,2025-09-11T15:14:13.100992,,9
32684933-4a05-4052-be29-5fd5a159b58d,761,,,2025-09-11T15:14:13.102590,2025-09-11 15:14:12.340940,2025-09-11T15:14:13.130183,,28
52ba1a93-a590-4156-8f33-9ee5314ff422,762,,,2025-09-11T15:14:11.099963,2025-09-11 15:14:10.336980,2025-09-11T15:14:11.108207,,9
a8df1612-fea0-40e6-b965-6762ad021a57,763,,,2025-09-11T15:14:12.114166,2025-09-11 15:14:11.350900,2025-09-11T15:14:12.132316,,18
a92ee627-6cb2-4f62-8177-44437c2cddca,780,,,2025-09-11T15:14:11.121223,2025-09-11 15:14:10.340800,2025-09-11T15:14:11.132502,,11
95fe4c58-5de8-44a8-a6c1-ed4c9b789bbe,781,,,2025-09-11T15:14:11.128494,2025-09-11 15:14:10.347060,2025-09-11T15:14:11.143444,,15
eb032ddb-835e-467f-acce-33877d85d484,781,,,2025-09-11T15:14:12.126082,2025-09-11 15:14:11.344750,2025-09-11T15:14:12.147647,,21
1a2a78e5-282d-4bc7-8f75-ab1ac2b06cfe,801,,,2025-09-11T15:14:13.162922,2025-09-11 15:14:12.361800,2025-09-11T15:14:13.181645,,19
0a287f38-e25b-4521-9fa8-a270456a3a37,802,,,2025-09-11T15:14:11.158227,2025-09-11 15:14:10.355600,2025-09-11T15:14:11.194672,,36
a9ebf144-7193-4d7e-9c2d-2dc2e40634cd,802,,,2025-09-11T15:14:13.163106,2025-09-11 15:14:12.360750,2025-09-11T15:14:13.182502,,19
c9f30c71-6fc5-4e31-99c4-df924230df1c,820,,,2025-09-11T15:14:12.170795,2025-09-11 15:14:11.350320,2025-09-11T15:14:12.189563,,19
84e39a55-37a9-4757-a90b-c5ae4b8ea124,827,,,2025-09-11T15:14:11.181189,2025-09-11 15:14:10.353800,2025-09-11T15:14:11.208858,,27
a06374d1-0d13-4c41-bce1-c7d28815af27,827,,,2025-09-11T15:14:12.164388,2025-09-11 15:14:11.336430,2025-09-11T15:14:12.185444,,21
03f4e0fb-9315-40c2-a933-ffc6b01279be,842,,,2025-09-11T15:14:12.181703,2025-09-11 15:14:11.339350,2025-09-11T15:14:12.198872,,17
a494d3ce-0f7c-4f97-97fc-f72100f31184,846,,,2025-09-11T15:14:12.185385,2025-09-11 15:14:11.338390,2025-09-11T15:14:12.202914,,17
3e927394-e20f-460f-b355-cd68abb0a2d7,853,,,2025-09-11T15:14:11.211380,2025-09-11 15:14:10.358160,2025-09-11T15:14:11.243446,,32
f21ac7df-18a8-4bac-86d1-a1c50b1d95d2,870,,,2025-09-11T15:14:11.203978,2025-09-11 15:14:10.333620,2025-09-11T15:14:11.223662,,20
